<?xml version="1.0" encoding="UTF-8"?>

<DBMetaData driverMajorVersion="10" driverMinorVersion="5" driverVersion="10.5.3.0 - (802917)" productVersion="10.5.3.0 - (802917)" identifierQuoteString="&quot;" transactionLevel="Read Committed" driverName="Apache Derby Network Client JDBC Driver" productName="Apache Derby">
  <Schema name="APP"/>
  <Schema name="NULLID"/>
  <Schema name="SQLJ"/>
  <Schema name="SYSCAT"/>
  <Schema name="SYSCS_DIAG"/>
  <Schema name="SYSCS_UTIL"/>
  <Schema name="SYSFUN"/>
  <Schema name="SYSPROC"/>
  <Schema name="SYSSTAT"/>
  <Table schema="APP" ignoreIndexes="false" name="CUSTOMER" type="TABLE" refreshed="true">
    <Column sqlTypeId="4" indexed="unknown" autoIncrement="false" type="INTEGER" size="10" decimalDigits="0" name="OID" primaryKey="true" notNull="true"/>
    <Column sqlTypeId="12" indexed="unknown" autoIncrement="false" type="VARCHAR" size="255" decimalDigits="0" name="NAME" primaryKey="false" notNull="false"/>
    <Column sqlTypeId="12" indexed="unknown" autoIncrement="false" type="VARCHAR" size="255" decimalDigits="0" name="SURNAME" primaryKey="false" notNull="false"/>
    <Column sqlTypeId="12" indexed="unknown" autoIncrement="false" type="VARCHAR" size="255" decimalDigits="0" name="ADDRESS" primaryKey="false" notNull="false"/>
    <Column sqlTypeId="12" indexed="unknown" autoIncrement="false" type="VARCHAR" size="255" decimalDigits="0" name="EMAIL" primaryKey="false" notNull="false"/>
  </Table>
  <Table schema="APP" ignoreIndexes="false" name="GROUP" type="TABLE" refreshed="true">
    <Column sqlTypeId="4" indexed="unknown" autoIncrement="false" type="INTEGER" size="10" decimalDigits="0" name="OID" primaryKey="true" notNull="true"/>
    <Column sqlTypeId="12" indexed="unknown" autoIncrement="false" type="VARCHAR" size="255" decimalDigits="0" name="GROUPNAME" primaryKey="false" notNull="false"/>
    <Column sqlTypeId="4" indexed="unknown" autoIncrement="false" type="INTEGER" size="10" decimalDigits="0" name="MODULE_OID" primaryKey="false" notNull="false"/>
  </Table>
  <Table schema="APP" ignoreIndexes="false" name="GROUP_MODULE" type="TABLE" refreshed="true">
    <Column sqlTypeId="4" indexed="unknown" autoIncrement="false" type="INTEGER" size="10" decimalDigits="0" name="GROUP_OID" primaryKey="true" notNull="true"/>
    <Column sqlTypeId="4" indexed="unknown" autoIncrement="false" type="INTEGER" size="10" decimalDigits="0" name="MODULE_OID" primaryKey="true" notNull="true"/>
  </Table>
  <Table schema="APP" ignoreIndexes="false" name="MODULE" type="TABLE" refreshed="true">
    <Column sqlTypeId="4" indexed="unknown" autoIncrement="false" type="INTEGER" size="10" decimalDigits="0" name="OID" primaryKey="true" notNull="true"/>
    <Column sqlTypeId="12" indexed="unknown" autoIncrement="false" type="VARCHAR" size="255" decimalDigits="0" name="MODULEID" primaryKey="false" notNull="false"/>
    <Column sqlTypeId="12" indexed="unknown" autoIncrement="false" type="VARCHAR" size="255" decimalDigits="0" name="MODULENAME" primaryKey="false" notNull="false"/>
  </Table>
  <Table schema="APP" ignoreIndexes="false" name="USER" type="TABLE" refreshed="true">
    <Column sqlTypeId="4" indexed="unknown" autoIncrement="false" type="INTEGER" size="10" decimalDigits="0" name="OID" primaryKey="true" notNull="true"/>
    <Column sqlTypeId="12" indexed="unknown" autoIncrement="false" type="VARCHAR" size="255" decimalDigits="0" name="USERNAME" primaryKey="false" notNull="false"/>
    <Column sqlTypeId="12" indexed="unknown" autoIncrement="false" type="VARCHAR" size="255" decimalDigits="0" name="PASSWORD" primaryKey="false" notNull="false"/>
    <Column sqlTypeId="12" indexed="unknown" autoIncrement="false" type="VARCHAR" size="255" decimalDigits="0" name="EMAIL" primaryKey="false" notNull="false"/>
    <Column sqlTypeId="4" indexed="unknown" autoIncrement="false" type="INTEGER" size="10" decimalDigits="0" name="GROUP_OID" primaryKey="false" notNull="false"/>
  </Table>
  <Table schema="APP" ignoreIndexes="false" name="USER_GROUP" type="TABLE" refreshed="true">
    <Column sqlTypeId="4" indexed="unknown" autoIncrement="false" type="INTEGER" size="10" decimalDigits="0" name="USER_OID" primaryKey="true" notNull="true"/>
    <Column sqlTypeId="4" indexed="unknown" autoIncrement="false" type="INTEGER" size="10" decimalDigits="0" name="GROUP_OID" primaryKey="true" notNull="true"/>
  </Table>
</DBMetaData>
